,,,,,,,,,,,,,,,,,,,,
#,Active,Rank,Department,Name_Shrt_UA,Full_Name_UA,Full_Name_EN,OPC,LPC,CC_Type,EMER_1,EMER_3,DG,AV_SEC,CRM,MED,Resc,Rappel,Hoist,EOIR,NAIROBI
1,YES,БП-РА,ВзПЕ,Алекса С.М.,Алекса Сергій Миколайович,Aleksa Sergii,31 лип. 27 ,31 лип. 26 ,28 лют. 27 ,28 лют. 27 ,28 лют. 27 ,28 лют. 27 ,2 бер. 29 ,28 лют. 27 ,25 лип. 28 ,,,,,
2,YES,БП,ТВ,Анджеєвський Д.З.,Анджеєвський Давід Зенон,Andrzejewski Dawid Zenon,30 лист. 26 ,30 лист. 26 ,30 лист. 26 ,30 лист. 26 ,30 лист. 28 ,30 лист. 26 ,30 лист. 27 ,30 лист. 26 ,29 жовт. 30 ,,,,,
3,YES,БП-РА,ПРВ,Беспалов А.С.,Беспалов Андрій Сергійович,Bespalov Andrii,30 черв. 27 ,30 черв. 27 ,30 черв. 27 ,31 лип. 27 ,31 лип. 28 ,21 лип. 27 ,25 лип. 28 ,31 лип. 28 ,13 трав. 30 ,,,,,
4,YES,БП-РА,ПРВ,Болдирєв Г.О.,Болдирєв Георгій Олегович,Boldyriev Georgii,31 груд. 26 ,31 груд. 26 ,31 груд. 26 ,30 лист. 26 ,30 лист. 28 ,31 груд. 26 ,10 лют. 27 ,31 груд. 26 ,6 лют. 29 ,,,,,
5,YES,БП-РА,ПРВ,Боровий М.С.,Боровий Микола Сергійович,Borovyi Mykola,31 груд. 26 ,31 груд. 26 ,31 груд. 26 ,30 лист. 26 ,30 лист. 26 ,12 трав. 27 ,2 лип. 28 ,31 жовт. 28 ,12 груд. 28 ,,,,,
6,YES,БП,ВТЦ,Борщанський В.Л.,Борщанський Володимир Леонідович,Borschankyi Volodimir,30 вер. 26 ,30 вер. 26 ,30 вер. 26 ,31 лип. 26 ,31 лип. 26 ,30 вер. 26 ,26 лист. 26 ,30 вер. 26 ,10 серп. 28 ,,,,,
7,YES,БП-РА,ПРВ,Буклей С.С.,Буклей Сергій Сергійович,Buklei Serhii,31 січ. 27 ,31 січ. 27 ,31 січ. 27 ,31 січ. 27 ,31 січ. 29 ,31 січ. 27 ,2 черв. 27 ,31 січ. 27 ,12 вер. 28 ,,,,,
8,YES,БП-РА,ПРВ,Бунчук В.В.,Бунчук Вячеслав Валерійович,Bunchuk Viacheslav,,,,,,,,,,,,,,
9,YES,БП-РА,ПРВ,Бурнашев А.С.,Бурнашев Андрій Сергійович,Burnashev Andrii,31 серп. 26 ,31 серп. 26 ,31 серп. 26 ,31 бер. 26 ,31 бер. 27 ,31 серп. 26 ,30 лист. 27 ,31 серп. 26 ,16 вер. 27 ,,,,,
10,YES,БП-РА,ПРВ,Васильчук Д.О.,Васильчук Дмитро Олександрович,Vasylchuk Dmytro,31 лип. 26 ,30 черв. 26 ,30 черв. 26 ,31 лип. 26 ,31 лип. 28 ,30 черв. 26 ,21 лип. 27 ,30 черв. 26 ,29 трав. 29 ,,,,,
11,YES,БП-РА,ПРВ,Видюк В.О.,Видюк Віктор Олегович,Vydiuk Viktor,,,,,,,,,,,,,,
12,YES,БП-РА,ПРВ,Воєвода В.П.,Воєвода Віктор Петрович,Voievoda Viktor,30 черв. 26 ,30 черв. 26 ,30 черв. 26 ,31 жовт. 26 ,31 жовт. 27 ,30 черв. 26 ,7 жовт. 26 ,30 черв. 26 ,10 трав. 28 ,,,,,
13,YES,БП-РА,ПРВ,Волков Б.І.,Волков Богдан Іванович,Volkov Bohdan,31 лип. 25 ,30 черв. 25 ,30 черв. 25 ,31 серп. 26 ,31 серп. 27 ,17 квіт. 26 ,25 лип. 27 ,31 серп. 27 ,7 вер. 28 ,,,,,
14,YES,БП-РА,ПРВ,Ворона М.М.,Ворона Микола Миколайович,Vorona Mykola,30 черв. 26 ,30 вер. 26 ,30 черв. 26 ,30 черв. 27 ,30 черв. 26 ,30 черв. 26 ,2 трав. 26 ,30 черв. 26 ,24 квіт. 28 ,,,,,
15,YES,БП,ТВ,Галич О.Є.,Галич Олександр Євгенович,Galych Oleksandr,31 серп. 26 ,30 черв. 26 ,30 черв. 26 ,31 серп. 26 ,31 серп. 27 ,30 черв. 26 ,3 лют. 27 ,30 черв. 26 ,10 черв. 30 ,,,,,
16,YES,БП-РА,ПРВ,Гарник Б.О.,Гарник Богдан Олександрович,Harnyk Bohdan,31 січ. 27 ,31 січ. 27 ,31 січ. 27 ,31 січ. 29 ,31 січ. 29 ,31 січ. 27 ,10 бер. 27 ,31 січ. 27 ,27 січ. 31 ,,,,,
17,YES,БП,ТВ,Герасименко В.В.,Герасименко Віталій Валерійович,Herasymenko Vitalii,30 лист. 26 ,30 лист. 26 ,30 лист. 26 ,30 лист. 26 ,30 вер. 27 ,30 лист. 26 ,9 вер. 26 ,30 лист. 26 ,15 серп. 27 ,,,,,
18,YES,БП-РА,ПРВ,Горбатенко О.М.,Горбатенко Олександр Миколайович,Gorbatenko Oleksandr,30 квіт. 26 ,30 квіт. 26 ,30 квіт. 26 ,31 січ. 27 ,31 груд. 27 ,30 квіт. 26 ,4 груд. 26 ,30 квіт. 26 ,23 вер. 29 ,,,,,
19,YES,БП-РА,ПРВ,Гордєєв Ю.В.,Гордєєв Юрій Володимирович,Gordyeyev Yuriy,30 вер. 26 ,30 вер. 26 ,30 вер. 26 ,31 бер. 26 ,31 бер. 27 ,30 вер. 26 ,30 лист. 27 ,30 вер. 26 ,13 черв. 28 ,,,,,
20,YES,БП-РА,ПРВ,Горобець Ю.В.,Горобець Юрій Васильович,Gorobets Iurii,,,,,,,,,,,,,,
21,YES,БП-РА,ПРВ,Гумма С.К.,Гумма Станіслав Костянтинович,Humma Stanislav,31 січ. 27 ,31 січ. 27 ,31 січ. 27 ,31 січ. 27 ,31 груд. 27 ,31 січ. 27 ,11 серп. 28 ,31 січ. 27 ,11 серп. 28 ,,,,,
22,YES,БП,ТВ,Дженджера М.І.,Дженджера Максим Ігорович,Dzhendzhera Maksym,,,,,,,,,,,,,,
23,YES,БП-РА,ВТЦ,Дубінін А.О.,Дубінін Андрій Олександрович,Dubinin Andrii,30 черв. 27 ,31 лип. 27 ,30 черв. 27 ,31 серп. 26 ,30 вер. 26 ,11 серп. 26 ,5 лист. 27 ,31 трав. 28 ,15 жовт. 27 ,,,,,
24,YES,БП,ТВ,Ільніцький О.В.,Ільніцький Олександр Володимирович,Ilnitskyi Oleksandr,30 черв. 27 ,30 черв. 27 ,30 черв. 27 ,31 трав. 27 ,31 трав. 27 ,10 бер. 27 ,14 трав. 29 ,30 черв. 29 ,22 квіт. 29 ,,,,,
25,NO,БП-РА,ПРВ,Квасов А.О.,Квасов Андрій Олегович,Kvasov Andrii,,,,,,,,,,,,,,
26,YES,БП-РА,ПРВ,Ковальчук А.П.,Ковальчук Анатолій Петрович,Kovalchuk Anatolii,31 жовт. 26 ,31 лип. 26 ,31 жовт. 26 ,31 лип. 26 ,31 лип. 28 ,31 лип. 26 ,21 лип. 27 ,31 лип. 26 ,29 бер. 28 ,,,,,
27,YES,БП-РА,ПРВ,Колесник Є.Є.,Колесник Євген Євгенович,Kolesnyk Yevgen,31 жовт. 26 ,30 черв. 27 ,31 жовт. 26 ,31 жовт. 26 ,31 січ. 28 ,2 вер. 26 ,18 черв. 27 ,31 груд. 26 ,16 трав. 29 ,,,,,
28,YES,БП-РА,ПРВ,Крилов В.О.,Крилов Владислав Олександрович,Krylov Vladyslav,30 черв. 27 ,30 черв. 27 ,31 бер. 27 ,30 квіт. 27 ,31 бер. 27 ,31 січ. 27 ,2 черв. 27 ,31 січ. 27 ,30 черв. 28 ,,,,,
29,YES,БП-РА,ПРВ,Кужільний В.О.,Кужільний Василь Олександрович,Kuzhil'nyy,30 квіт. 26 ,30 квіт. 26 ,30 квіт. 26 ,31 лип. 26 ,31 лип. 28 ,3 лют. 27 ,16 квіт. 29 ,31 бер. 29 ,6 черв. 28 ,,,,,
30,YES,БП-РА,ПРВ,Кукса О.О.,Кукса Олег Олегович,Kuksa Oleh,31 жовт. 26 ,31 груд. 26 ,31 жовт. 26 ,31 січ. 29 ,31 січ. 29 ,31 січ. 27 ,10 бер. 27 ,31 січ. 27 ,14 лист. 29 ,,,,,
31,YES,БП-РА,ПРВ,Лабнюк А.Г.,Лабнюк Андрій Григорович,Labniuk Andrii,,,,,,,,,,,,,,
32,YES,БП,ТВ,Лесик А.П.,Лесик Андрій Павлович,Lesyk Andriy,31 лип. 26 ,31 серп. 26 ,31 лип. 26 ,31 лип. 26 ,30 черв. 26 ,7 лип. 27 ,28 черв. 26 ,30 черв. 26 ,10 лип. 28 ,,,,,
33,YES,БП-РА,ПРВ,Морозюк Ю.П.,Морозюк Юрій Петрович,Moroziuk Yurii,,,,,,,,,,,,,,
34,YES,БП-РА,ПРВ,Muzyka A.H.,Музика Антон Григорович,Muzyka Anton,,,,,,,,,,,,,,
35,,БП,ТВ,Муромцев В.Л.,Муромцев Володимир Леонідович,Muromtsev Volodymyr,31 січ. 27 ,31 січ. 27 ,31 січ. 27 ,31 січ. 27 ,31 жовт. 29 ,31 січ. 27 ,3 лют. 27 ,31 січ. 27 ,31 жовт. 29 ,,,,,
36,YES,БП-РА,ПРВ,Найденко І.С.,Найденко Іван Сергійович,Naidenko Ivan,30 черв. 26 ,31 лип. 26 ,30 вер. 26 ,30 вер. 26 ,30 вер. 26 ,18 черв. 27 ,30 вер. 26 ,30 черв. 28 ,5 серп. 29 ,,,,,
37,Rozhuk,БП,ТВ,Панасюк Я.С.,Панасюк Яків Сергійович,Panasiuk Iakiv,30 черв. 27 ,30 черв. 27 ,30 черв. 27 ,31 трав. 27 ,31 трав. 29 ,30 черв. 26 ,12 трав. 27 ,30 черв. 26 ,3 вер. 29 ,,,,,
38,YES,БП-РА,ПРВ,Пашнін О.В.,Пашнін Олексій Володимирович,Pashnin Oleksii,,,,,,,,,,,,,,
39,YES,БП-РА,ПРВ,Привалов К.Ю.,Привалов Кирило Юрійович,Pryvalov Kyrylo,31 груд. 26 ,31 груд. 26 ,31 груд. 26 ,31 груд. 26 ,28 лют. 28 ,31 груд. 26 ,28 лют. 28 ,31 груд. 26 ,28 лют. 28 ,,,,,
40,YES,БП-РА,ПРВ,Радченко А.О.,Радченко Антон Олегович,Radchenko Anton,28 лют. 27 ,28 лют. 27 ,28 лют. 27 ,28 лют. 27 ,18 груд. 28 ,28 лют. 27 ,23 черв. 27 ,28 лют. 27 ,18 груд. 28 ,,,,,
41,YES,БП-РА,ПРВ,Ратушний Д.А.,Ратушний Дмитро Анатолійович,Ratushnyi Dmytro,,,,,,,,,,,,,,
42,YES,БП-РА,ПРВ,Салвадор Пірес Ігреша Ж.М.,Салвадор Пірес Ігреша Жоао Мігел,Salvador Pires Igreja Joao Miguel,30 квіт. 27 ,30 черв. 27 ,31 трав. 27 ,30 квіт. 27 ,30 квіт. 29 ,29 квіт. 28 ,6 трав. 29 ,31 трав. 29 ,27 бер. 31 ,,,,,
43,YES,БП-РА,ПРВ,Сцебелледі Ш.Г.,Сцебелледі Шома Гергьо,Szebelledi Soma Gergo,,,,,,,,,,,,,,
44,YES,БП-РА,ПРВ,Унгурян В.І.,Унгурян Владислав Ілліч,Ungurian Vladyslav,30 вер. 26 ,30 вер. 26 ,30 вер. 26 ,30 вер. 26 ,4 лип. 27 ,30 вер. 26 ,30 вер. 26 ,30 вер. 26 ,5 груд. 28 ,,,,,
45,NO,БП-РА,ПРВ,Федорів Є.В.,Федорів Євгеній Вікторович,Fedoriv Yevhenii,31 серп. 26 ,31 серп. 26 ,31 серп. 26 ,31 серп. 26 ,31 серп. 27 ,17 квіт. 26 ,25 лип. 27 ,31 серп. 27 ,5 груд. 27 ,,,,,
46,EUR,БП-РА,ПРВ,Харченко С.М.,Харченко Сергій Миколайович,Kharchenko Sergii,,,,,,,,,,,,,,
47,EUR,БП-РА,ПРВ,Хролін О.В.,Хролін Олексій Володимирович,Khrolin Oleksii,,,,,,,,,,,,,,